"date","name","region","nps"
2022-01-01,"Zena Nolan","Northeast",5
2022-01-01,"Kamari Cruickshank","North Central",8
2022-01-01,"Miss Alivia Ruecker PhD","North Central",9
2022-01-01,"Mr. Abbott Hauck II","West",8
2022-01-01,"Babyboy Hermann","West",7
2022-01-01,"Metta Swaniawski","South",8
2022-01-01,"Brennan Beatty","South",5
2022-01-01,"Dereck Mann","North Central",8
2022-01-04,"Guy Lindgren III","West",9
2022-01-04,"Fronie Treutel","North Central",7
2022-01-04,"Linnie Glover DDS","West",8
2022-01-04,"Mr. Javon Koch","Northeast",9
2022-01-04,"Luke Cummerata","South",9
2022-01-04,"Willia Lakin","Northeast",8
2022-01-04,"Dr. Ashly Heidenreich","Northeast",9
2022-01-04,"Cecelia Mertz DVM","Northeast",2
2022-01-04,"Brandy Kris-Haag","West",10
2022-01-07,"Mrs. Leigh Marvin DVM","South",9
2022-01-07,"Jamaal Lang","South",7
2022-01-07,"Eveline Stamm","Northeast",8
2022-01-07,"Metro McKenzie","South",9
2022-01-07,"Taliyah Dibbert","Northeast",6
2022-01-09,"Morgan Kling","Northeast",7
2022-01-09,"Marius Crooks-Frami","South",6
2022-01-09,"Richard Kshlerin","South",9
2022-01-09,"Tommie Roberts","West",8
2022-01-09,"Derwin Lueilwitz","North Central",4
2022-01-09,"Mrs. Gisselle Marquardt PhD","South",9
2022-01-09,"Meadow Kling","North Central",8
2022-01-09,"Ms. Kylene Effertz DVM","South",10
2022-01-09,"Adelia Mayer PhD","North Central",6
2022-01-09,"Mr. Gottlieb Connelly DVM","North Central",9
2022-01-09,"Carrie Goyette","South",8
2022-01-09,"Delos O'Hara","West",8
2022-01-09,"Levern Fadel-Lind","North Central",9
2022-01-09,"Julien Powlowski","Northeast",9
2022-01-18,"Conner Douglas","Northeast",7
2022-01-18,"Yetta Haag","West",8
2022-01-18,"Christi Thiel","West",7
2022-01-18,"Dr. Gerry Prohaska I","South",8
2022-01-18,"Mrs. Dianne Hand MD","North Central",9
2022-01-18,"Neoma Jacobson","North Central",8
2022-01-18,"Mario Braun II","West",9
2022-01-18,"Ms. Thea Howell","South",8
2022-01-18,"Mr. Deonte Lindgren","North Central",9
2022-01-18,"Dr. Blas Kassulke","West",5
2022-01-18,"Carolann Rutherford","Northeast",8
2022-01-23,"Iola DuBuque","South",10
2022-01-23,"Bobbie Orn-Bode","North Central",8
2022-01-23,"Dr. Jaslyn Kihn","West",9
2022-01-23,"Mikaila Corwin DDS","South",9
2022-01-23,"Earline Gutkowski","West",7
2022-01-23,"Bradford Hoeger","West",8
2022-01-23,"Casper Price","North Central",8
2022-01-23,"Weldon Buckridge","South",9
2022-01-23,"Pam Johnston","Northeast",9
2022-01-26,"Mr. Louis Rutherford","West",8
2022-01-26,"Judie Mertz","West",8
2022-01-26,"Mr. Christina Lockman","West",7
2022-01-26,"Zaiden Boyer","South",7
2022-01-26,"Randi Kautzer PhD","North Central",9
2022-01-26,"Myah Mitchell","West",6
2022-01-26,"Philo Little","South",10
2022-01-26,"Zandra Padberg","West",7
2022-01-26,"Reuben Batz-Ortiz","West",3
2022-01-26,"Augustin Price","North Central",8
2022-01-31,"Elwyn Wolff-Crist","North Central",8
2022-01-31,"Vashon Kunze MD","West",6
2022-01-31,"Dr. Kameron Wilkinson Jr.","North Central",6
2022-01-31,"Dr. Lyndia Will","South",10
2022-01-31,"Velma Hane","West",8
2022-01-31,"Savion Lesch","North Central",9
2022-01-31,"Dakoda Nitzsche-Leuschke","Northeast",7
2022-01-31,"Trumaine Kunde","South",8
2022-01-31,"Laura Hermiston","South",7
2022-01-31,"Koda Herzog","North Central",9
2022-01-31,"Estell Tremblay DDS","Northeast",8
2022-01-31,"Claudie Lesch II","Northeast",8
2022-01-31,"Cherry Hahn DDS","West",7
2022-01-31,"Stephen Roberts","North Central",7
2022-01-31,"Hakeem Barton","West",8
2022-01-31,"Ole Will-Nader","North Central",8
2022-01-31,"Mr. Edmond Oberbrunner","West",8
2022-01-31,"Mr. Willie Gusikowski V","South",9
2022-01-31,"Harlow Wilderman","North Central",9
2022-01-31,"Miss Kelsey Wolf DDS","Northeast",2
2022-01-31,"Armani Satterfield-Bashirian","Northeast",6
2022-01-31,"Dr. Jeramie Kerluke","South",8
2022-01-31,"Tabatha Hartmann","North Central",8
2022-01-31,"Araminta Blanda-Stanton","West",9
2022-01-31,"Guido Hermiston","North Central",6
2022-01-31,"Letitia Anderson","West",10
2022-01-31,"Ms. Inez Kerluke","North Central",8
2022-02-01,"Deyanira Conn PhD","South",9
2022-02-01,"Reyes Herman","West",7
2022-02-01,"Thekla Witting","South",6
2022-02-01,"Halley Haley","North Central",10
2022-02-01,"Mrs. Janiah Gislason DVM","Northeast",6
2022-02-01,"Charisse Feest","West",8
2022-02-01,"Johnpaul Hauck","North Central",7
2022-02-01,"Ms. Lucinda Hagenes","Northeast",8
2022-02-01,"Asia McGlynn","West",9
2022-02-01,"Cori Crist DVM","North Central",4
2022-02-01,"Buster Fisher","South",10
2022-02-01,"Jeanine Larkin DDS","South",9
2022-02-01,"Douglass Becker-Haley","West",9
2022-02-08,"Paris Hirthe","South",10
2022-02-08,"Christian Cormier","Northeast",8
2022-02-08,"Mr. Ancel Altenwerth IV","North Central",8
2022-02-08,"Irvin Wintheiser","South",10
2022-02-08,"Saniyah Hartmann","South",9
2022-02-08,"Branden Hayes-McGlynn","North Central",3
2022-02-08,"Dr. Debra Nikolaus PhD","South",3
2022-02-08,"Leila Parker","West",10
2022-02-08,"Latanya Wyman","South",7
2022-02-08,"Kallie Rosenbaum DDS","South",9
2022-02-08,"Garry Thompson-Ebert","West",6
2022-02-08,"Kai Lang","West",6
2022-02-08,"Bridger Nolan","South",10
2022-02-08,"Jameel Metz","Northeast",9
2022-02-08,"Noreta DuBuque-Morar","North Central",7
2022-02-08,"Tanya Mann","South",7
2022-02-09,"Dr. Garrett Miller Sr.","North Central",10
2022-02-09,"Ebert Wilderman","West",7
2022-02-09,"Ethyle Sipes DDS","North Central",8
2022-02-09,"Sade Goodwin-Price","South",9
2022-02-09,"Matthew Luettgen-Mayert","North Central",10
2022-02-09,"Tyrik Champlin IV","North Central",8
2022-02-09,"Kathern Hudson","West",10
2022-02-09,"Elza McClure-Kozey","North Central",9
2022-02-09,"Lesa Halvorson","South",10
2022-02-09,"Jarvis Schultz","West",10
2022-02-09,"Dr. Ximena Borer PhD","South",7
2022-02-09,"Macel Wiegand","West",8
2022-02-09,"Elick Lakin IV","South",9
2022-02-11,"Leeann Kiehn","South",6
2022-02-11,"Squire Harvey","North Central",5
2022-02-11,"Sheila McCullough","South",7
2022-02-11,"Gary Aufderhar II","South",9
2022-02-11,"Parker Schowalter","West",8
2022-02-11,"Jaidyn Steuber","West",10
2022-02-11,"Tatum Bechtelar","North Central",8
2022-02-11,"Jazmyne Schiller","South",9
2022-02-11,"Terri Volkman","Northeast",9
2022-02-11,"Carol Kovacek-O'Connell","South",7
2022-02-11,"Ollie Streich","South",10
2022-02-11,"Kennard Skiles III","North Central",9
2022-02-11,"Chuck Fahey-Willms","West",9
2022-02-11,"Davie Haley","South",3
2022-02-11,"Dr. Jenilee Kunde","West",8
2022-02-11,"Candis Tromp","North Central",8
2022-02-11,"Parlee Fadel","South",7
2022-02-11,"Terell Ernser","South",7
2022-02-11,"Julisa Schowalter","South",8
2022-02-11,"Cale Frami-Olson","West",7
2022-02-11,"Jaydan Rowe","Northeast",9
2022-02-11,"Lella Kilback","North Central",6
2022-02-11,"Dr. West Fritsch","West",9
2022-02-11,"Theo Heaney","Northeast",7
2022-02-11,"Dr. Hughes Hand Jr.","West",6
2022-02-11,"Isadore Metz","South",9
2022-02-24,"Madisyn Beahan-Rath","North Central",6
2022-02-24,"Kazuo Cartwright","Northeast",5
2022-02-24,"Mrs. Merrily Kassulke MD","West",5
2022-02-24,"Lavern O'Kon DVM","South",7
2022-02-24,"Dasia Schowalter","Northeast",6
2022-02-24,"Irva Hansen","North Central",8
2022-02-24,"Lorne Wisozk","West",8
2022-02-24,"Dr. Maximo Cronin","Northeast",6
2022-02-24,"Dr. Chase Miller","West",3
2022-02-24,"Yolonda Harber","North Central",6
2022-02-24,"Seldon Corwin-Gusikowski","West",9
2022-02-24,"Enos Ryan","West",8
2022-02-24,"Atlas Littel DDS","South",9
2022-02-24,"Cheyenne Walsh","North Central",9
2022-02-24,"Doll Stroman","West",9
2022-02-24,"Dr. Dedra Murphy","North Central",6
2022-02-24,"Lexie Konopelski","North Central",8
2022-02-24,"Manly Treutel-Metz","West",8
2022-02-24,"Vessie Donnelly","North Central",10
2022-03-08,"Lizabeth Kihn","Northeast",8
2022-03-08,"Timmie Altenwerth-Hegmann","Northeast",3
2022-03-08,"Powell Green","South",10
2022-03-08,"Mr. Rexford Cassin MD","Northeast",8
2022-03-08,"Miss January Weissnat DDS","Northeast",8
2022-03-08,"Curt Turcotte","West",8
2022-03-08,"Keyon Hyatt","North Central",9
2022-03-08,"Raoul Hahn","North Central",6
2022-03-08,"Marion Gutmann MD","North Central",5
2022-03-08,"David Orn","North Central",9
2022-03-08,"Mr. Burt Lind","South",8
2022-03-08,"Olen Heller","North Central",9
2022-03-08,"Ms. Shianne Ebert","South",10
2022-03-08,"Morton Borer Jr.","North Central",9
2022-03-08,"Kavon Nolan","North Central",10
2022-03-08,"Lindsay Bayer","North Central",9
2022-03-08,"Arjun Legros","North Central",9
2022-03-08,"Millie Considine","West",5
2022-03-08,"Ms. Thekla Christiansen DDS","West",8
2022-03-09,"Dr. Roby Bechtelar III","Northeast",5
2022-03-09,"Iola Reynolds-Gerlach","West",5
2022-03-09,"Mr. Valentino Baumbach","South",8
2022-03-09,"Mrs. Sydell Medhurst DVM","South",9
2022-03-09,"Dr. Simona Zemlak MD","West",9
2022-03-09,"Idabelle Schinner-Rodriguez","North Central",10
2022-03-09,"Naoma Hamill","South",9
2022-03-09,"Dr. Atlas Hane I","North Central",5
2022-03-09,"Llewellyn Pfannerstill","North Central",8
2022-03-09,"Rice Kovacek","West",9
2022-03-09,"Miss Daniele Hane DVM","North Central",7
2022-03-09,"Marcelo Abbott","South",6
2022-03-09,"Ms. Verona Fahey MD","North Central",9
2022-03-09,"Dr. Sheldon Willms Jr.","West",6
2022-03-09,"Kamora Harvey","South",9
2022-03-09,"Tarsha Torphy","West",9
2022-03-09,"Shannen Greenfelder","North Central",8
2022-03-09,"Mavis Hudson","West",9
2022-03-09,"Jalissa Leannon","North Central",4
2022-03-09,"Thelma Crist","West",9
2022-03-09,"Mrs. Jaycee Paucek","West",9
2022-03-09,"Jennette O'Kon","South",8
2022-03-09,"Lessie Moore","South",10
2022-03-09,"Philo Nienow Sr.","South",9
2022-03-09,"Mr. Ferman Oberbrunner DVM","South",10
2022-03-09,"Oda Bosco DDS","South",8
2022-03-09,"Patrick Casper","North Central",4
2022-03-09,"Mr. Deven Hilll","West",10
2022-03-09,"Roswell Satterfield","West",9
2022-03-09,"Journey Ledner MD","North Central",8
2022-03-09,"Cristy Grant MD","West",8
2022-03-09,"Ruthe Roob","South",6
2022-03-09,"Arlena Howell","Northeast",8
2022-03-09,"Mrs. Lizabeth Ryan","North Central",3
2022-03-09,"Bedford Yundt II","North Central",8
2022-03-09,"Roy Witting-Ziemann","West",6
2022-03-09,"Hezzie Towne","South",9
2022-03-09,"Aili Conn-Gutkowski","North Central",8
2022-03-09,"Dr. Diana Sauer DDS","North Central",10
2022-03-12,"Tennie Roob","North Central",9
2022-03-12,"Briana Eichmann-Kuhn","West",5
2022-03-12,"Marlen O'Reilly","Northeast",8
2022-03-12,"Lambert Lockman-Ferry","West",10
2022-03-12,"Randolph Bode","West",8
2022-03-12,"Valeria Rath","West",9
2022-03-12,"Mr. Rhys Stokes","Northeast",7
2022-03-12,"Caitlin Harris","West",4
2022-03-12,"Chrissie Runte","South",7
2022-03-12,"Orelia Nader","West",9
2022-03-21,"Nichol Bogan","South",9
2022-03-21,"Sylas Keeling","North Central",6
2022-03-21,"Leonie Gerhold","North Central",6
2022-03-21,"Emmalee Blanda","South",8
2022-03-21,"Needham Thiel-Hirthe","North Central",9
2022-03-21,"Kyle Herzog","North Central",7
2022-03-21,"Imelda Paucek","Northeast",10
2022-03-21,"Deonte Heidenreich","North Central",8
2022-03-21,"Hal Kub III","West",9
2022-03-21,"Mr. Brice Bergstrom","North Central",4
2022-03-21,"Toccara Lynch","Northeast",9
2022-03-21,"Aiyanna Reinger","North Central",8
2022-03-21,"Lakesha Funk","West",6
2022-03-21,"Kendra Corkery","Northeast",10
2022-03-21,"Tobie Dietrich DDS","West",7
2022-03-25,"Willard Wuckert","North Central",3
2022-03-25,"Elden Pfannerstill","Northeast",10
2022-03-25,"Lessie Carroll","South",8
2022-03-25,"Mr. Cole Batz","Northeast",5
2022-03-25,"Kenyatta O'Connell","West",8
2022-03-25,"Harlon Corwin","West",8
2022-03-25,"Dr. Caitlyn Parisian","North Central",3
2022-03-25,"Rubin Hirthe-Becker","North Central",8
2022-03-25,"Claudette Wuckert","South",8
2022-03-25,"Jamil Prosacco","North Central",9
2022-03-25,"Calhoun Wintheiser","Northeast",8
2022-03-25,"Alphonse Quigley","South",9
2022-03-26,"Zayden Keebler","Northeast",9
2022-03-26,"Tangela Mante","North Central",9
2022-03-26,"Tim Kautzer","Northeast",10
2022-03-26,"Gabriella Green","Northeast",9
2022-03-26,"Gee Halvorson","West",9
2022-03-26,"Dwaine Maggio","West",9
2022-03-26,"Moises Turner PhD","West",9
2022-03-26,"Wesley Frami","North Central",7
2022-03-26,"Karren Mueller","North Central",9
2022-03-26,"Malorie Ryan","North Central",9
2022-03-26,"Dr. Bennett Douglas I","South",9
2022-03-26,"Mrs. Goldia Schmidt DVM","Northeast",10
2022-03-27,"Cordella Gibson-Halvorson","North Central",8
2022-03-27,"Mr. Reece Nikolaus","North Central",9
2022-03-27,"Dr. Richmond Mante","North Central",8
2022-03-27,"Ulysses Brekke","West",9
2022-03-27,"Thaddeus Larson","South",9
2022-03-27,"Mickey Considine","North Central",6
2022-03-27,"Dr. Sibbie Wyman","North Central",5
2022-03-27,"Violeta Stehr-Hahn","West",9
2022-03-27,"Akira Kuvalis-Hane","South",4
2022-03-27,"Arely Stanton","South",8
2022-03-27,"Eloy Mueller-Leannon","South",8
2022-03-27,"Ms. Lillie Koch","North Central",6
2022-03-27,"Carmel Kshlerin","West",6
2022-03-27,"Indiana Wuckert MD","Northeast",4
2022-03-27,"Ida Cronin MD","North Central",9
2022-03-27,"Lanny Marvin V","South",9
2022-03-27,"Leann Towne","West",10
2022-03-27,"Miss Destany Cole DVM","Northeast",9
2022-03-27,"Erich Feeney","South",6
2022-03-27,"Maury Goldner","North Central",9
2022-03-27,"Makhi Hilll IV","North Central",6
2022-03-27,"Mrs. Tella Keebler","West",4
2022-03-29,"Ms. Lidia Parisian","South",5
2022-03-29,"Kylie Ledner","West",4
2022-03-29,"Erich Johns III","North Central",10
2022-03-29,"Shaina Bednar MD","South",9
2022-03-29,"Arland Raynor-Toy","North Central",7
2022-03-29,"Oscar Daugherty Sr.","Northeast",7
2022-03-29,"Hezzie Rolfson","North Central",9
2022-03-29,"Marquita Durgan","West",8
2022-03-29,"Ivory Bayer","South",6
2022-03-29,"Angella Renner","South",5
2022-03-29,"Mr. Markus Miller","South",9
2022-04-01,"Lorenz Mitchell","West",6
2022-04-01,"Linsey O'Connell DDS","South",7
2022-04-01,"Debroah Marquardt","West",9
2022-04-01,"Teagan Altenwerth-Kuhic","South",10
2022-04-01,"Micayla Kovacek","South",3
2022-04-01,"Tamra Stehr","South",9
2022-04-01,"Dereon Kunde","Northeast",6
2022-04-01,"Desi Marvin","South",9
2022-04-01,"Newman Schamberger-Trantow","South",7
2022-04-01,"Dafne Pacocha","West",10
2022-04-01,"Miss Patrica Rosenbaum","South",8
2022-04-01,"Fredric Keebler-Kihn","South",9
2022-04-01,"Needham Zulauf","South",9
2022-04-01,"Rossie Cummerata","South",8
2022-04-15,"Elonzo Fay","Northeast",10
2022-04-15,"Levi Effertz","North Central",2
2022-04-15,"Yahaira Pacocha","Northeast",9
2022-04-15,"Ms. Shanice Schowalter","South",9
2022-04-15,"William Fahey","South",10
2022-04-21,"Judah Dach","North Central",10
2022-04-21,"Flo Prosacco","South",9
2022-04-21,"Mr. Mychal Hoppe Sr.","West",9
2022-04-21,"Ms. Leona Ortiz","South",6
2022-04-21,"Ermina Mayert","West",9
2022-04-21,"Shavonne Thompson","Northeast",7
2022-04-21,"Mrs. Becky Eichmann","Northeast",7
2022-04-21,"Lavera Kuhic","North Central",2
2022-04-21,"Aniyah Thiel DVM","West",10
2022-04-21,"Lindsey Kunze","West",8
2022-04-21,"Sheryl Hane","South",8
2022-04-21,"Mr. Ezra Lockman PhD","North Central",9
2022-04-21,"Byrd Abshire","North Central",10
2022-04-21,"Humberto Ferry-Rodriguez","West",10
2022-04-21,"Bailey Funk","West",9
2022-04-23,"Milford Ferry","North Central",6
2022-04-23,"Cleo Bartoletti","North Central",9
2022-04-23,"Avery Marquardt-Hansen","North Central",9
2022-04-23,"Verlin Torp I","South",10
2022-04-28,"Annabel Stamm","West",7
2022-04-28,"Russel Leffler II","North Central",6
2022-04-28,"Alisson Gorczany","West",9
2022-04-28,"Orra Krajcik-Schaefer","South",5
2022-04-28,"Lyndsay Kessler","South",9
2022-04-28,"Edyth Hamill","South",10
2022-04-28,"Faron Prosacco-Sawayn","Northeast",9
2022-04-28,"Santino Quitzon-Ortiz","North Central",7
2022-04-28,"Bobbie Streich","South",6
2022-04-28,"Dr. Manervia Friesen","West",7
2022-04-29,"Festus Maggio","Northeast",8
2022-04-29,"Doshia Klocko","North Central",5
2022-04-29,"Floyd Cruickshank","South",8
2022-04-29,"General Lynch-Rempel","North Central",8
2022-04-29,"Katerina O'Connell","Northeast",5
2022-04-29,"Sibyl Zulauf","North Central",9
2022-04-29,"Jerilyn Russel","Northeast",9
2022-04-29,"Armand Mitchell","Northeast",9
2022-04-29,"Joshuah Buckridge-Hilll","South",8
2022-04-29,"Dagny Haley","South",9
2022-04-29,"Miss Ava Lubowitz","West",8
2022-05-01,"Erie Rowe","South",9
2022-05-01,"Jewell Kautzer","North Central",4
2022-05-01,"Westin Kovacek","Northeast",10
2022-05-01,"Gilmore Zieme PhD","Northeast",8
2022-05-01,"Dr. Orlo Schamberger","West",9
2022-05-01,"Antione Tillman","Northeast",9
2022-05-01,"Oda Beatty","Northeast",4
2022-05-01,"Toby Ryan PhD","Northeast",8
2022-05-01,"Bethel Hirthe","West",9
2022-05-01,"Dr. Vinie Parisian","Northeast",7
2022-05-01,"Roel Fahey","West",9
2022-05-05,"Abie Bode","North Central",10
2022-05-05,"Gracelyn Champlin","North Central",8
2022-05-05,"Ursula Rogahn","North Central",10
2022-05-05,"Jayden Pfannerstill","North Central",10
2022-05-05,"Hilliard Mueller IV","South",9
2022-05-05,"West Eichmann","West",9
2022-05-05,"Dr. Lew Johnston V","Northeast",9
2022-05-05,"Porsha Torphy","Northeast",9
2022-05-05,"Dina Lakin","West",5
2022-05-05,"Natalya Schmidt","South",9
2022-05-05,"Price Jacobs","Northeast",7
2022-05-09,"Donnie Powlowski","South",9
2022-05-09,"Anneliese Predovic","Northeast",8
2022-05-09,"Reubin Heller","Northeast",9
2022-05-09,"Dr. Joanna Hodkiewicz DVM","South",10
2022-05-09,"Noelle Kessler","South",5
2022-05-09,"Colin Stanton","West",8
2022-05-09,"Yasmeen Barton","West",9
2022-05-09,"Johney O'Reilly","Northeast",8
2022-05-09,"Dr. Amparo Koelpin MD","West",9
2022-05-09,"Javen Hodkiewicz","South",8
2022-05-09,"Gilford Hettinger-Schulist","South",9
2022-05-09,"Donte Keeling","South",9
2022-05-09,"Clifton Maggio","West",10
2022-05-09,"Mr. Butch Smith II","Northeast",9
2022-05-09,"Ophelia Jaskolski-Stokes","South",8
2022-05-09,"Dr. Harlene Fahey","South",7
2022-05-16,"Miss Noreen Ryan","South",6
2022-05-16,"Carey Rutherford","South",8
2022-05-16,"Skip Ruecker","South",10
2022-05-16,"Ms. Lizzie Hahn","North Central",6
2022-05-16,"Malvin Trantow","South",8
2022-05-16,"Hampton Johns-Wehner","North Central",10
2022-05-16,"Landon Williamson","Northeast",10
2022-05-16,"Mr. Merle Schroeder III","South",10
2022-05-19,"Ms. Diamond Zemlak","South",8
2022-05-19,"Lucinda Mayert","Northeast",7
2022-05-19,"Virgel Blanda","North Central",9
2022-05-19,"Emmett Lemke","West",8
2022-05-19,"Dr. Annabella Spencer DVM","South",7
2022-05-19,"Sidney Rohan","Northeast",4
2022-05-19,"Gussie Haag","North Central",7
2022-05-19,"Kennedy Gleason","West",9
2022-05-19,"Maribel Greenholt","Northeast",7
2022-05-19,"Lempi Huels DVM","North Central",10
2022-05-19,"Jessenia Wisoky DVM","South",8
2022-05-19,"Jarvis Welch","Northeast",10
2022-05-21,"Hollis Harris","North Central",9
2022-05-21,"Carla Kunde","Northeast",10
2022-05-21,"Epifanio Walker","West",9
2022-05-21,"Burke Hansen","South",5
2022-05-21,"Tashina Miller","West",8
2022-05-21,"Darren Gottlieb I","West",10
2022-05-21,"Buren Weimann-Jakubowski","North Central",5
2022-05-21,"Terence Labadie IV","North Central",7
2022-05-21,"Kareem Herman","West",4
2022-05-21,"Miss Belia Marvin","South",7
2022-05-21,"Mr. Judson Olson","South",8
2022-05-27,"Jalon Wehner","Northeast",0
2022-05-27,"Mrs. Octa Luettgen","South",9
2022-05-27,"Rodger Fay-Kunde","West",8
2022-05-27,"Mr. Oland Schowalter","South",9
2022-05-27,"Dianna Cassin","West",9
2022-05-27,"Cyndi Konopelski","South",9
2022-05-27,"Jaymes Bartell","North Central",10
2022-05-27,"Steven DuBuque","South",9
2022-05-30,"Ivanna Sauer","South",9
2022-05-30,"Anjelica Bernier-Rau","Northeast",9
2022-05-30,"Rowland McLaughlin","South",10
2022-05-30,"Clement Heathcote","North Central",8
2022-05-30,"Dr. Jude Prohaska III","West",10
2022-05-30,"Dorothy Stamm MD","South",10
2022-06-01,"Daniele Kunze","North Central",9
2022-06-01,"Mr. Job Fadel II","South",7
2022-06-01,"Lela DuBuque","North Central",9
2022-06-01,"Larry Auer-Harris","West",3
2022-06-01,"Francis Wunsch","South",9
2022-06-01,"Grafton Volkman MD","Northeast",8
2022-06-01,"Miss Larae Keeling PhD","South",9
2022-06-01,"Kindra Moen","North Central",9
2022-06-01,"Ms. Shirlene McCullough","South",4
2022-06-01,"Sabrina Schamberger","Northeast",9
2022-06-01,"Becky Balistreri-Bahringer","South",5
2022-06-03,"Oneal Swaniawski","North Central",9
2022-06-03,"Nils Halvorson-Schulist","Northeast",6
2022-06-03,"Mr. Dorr Cruickshank","South",10
2022-06-03,"Mr. Akeem Fadel Jr.","South",7
2022-06-03,"Niko Stanton-Ward","South",9
2022-06-03,"Miss Karren Graham DVM","West",7
2022-06-03,"Karley Dietrich","South",9
2022-06-03,"Kaeden Anderson","South",9
2022-06-03,"Dr. Dustyn Berge III","North Central",9
2022-06-03,"Belen Marquardt","West",8
2022-06-03,"Dr. Leonardo Dare","South",7
2022-06-03,"Senora Breitenberg-Sawayn","North Central",5
2022-06-03,"Nancie Bode","West",10
2022-06-03,"Ras Aufderhar-Farrell","South",10
2022-06-03,"Mr. Alvah Mraz","North Central",6
2022-06-03,"Val Hodkiewicz","West",9
2022-06-03,"Lucius Schultz Sr.","North Central",6
2022-06-03,"Cydney Feeney","North Central",10
2022-06-03,"Dr. Mal Kuhn","West",9
2022-06-05,"Dr. Arlis Abshire","North Central",10
2022-06-05,"Ignacio Schoen","South",9
2022-06-05,"Dr. Bluford Fay","South",10
2022-06-05,"Margy Feeney PhD","Northeast",9
2022-06-16,"Tom Wisoky","South",3
2022-06-16,"Dr. Lindbergh Quitzon DVM","South",7
2022-06-16,"Harlon Mohr V","Northeast",9
2022-06-16,"Bernice Ruecker","North Central",8
2022-06-16,"Malvin Smith Jr.","Northeast",9
2022-06-16,"Everet Turcotte","West",10
2022-06-16,"Stacy Kulas","West",9
2022-06-16,"Selina Pollich","Northeast",8
2022-06-16,"Dr. Liam Walter Jr.","South",10
2022-06-19,"Bennett Roberts DDS","South",6
2022-06-19,"Tracey Hoeger","North Central",6
2022-06-19,"Dr. Aloysius Bauch","South",9
2022-06-19,"Milan Wyman-Stoltenberg","South",9
2022-06-19,"Mr. Maury Fahey","Northeast",10
2022-06-19,"Dr. Haywood O'Kon","South",10
2022-06-19,"Cailyn Bahringer","North Central",8
2022-06-19,"Ken Emard","North Central",9
2022-06-19,"Mrs. Roseann Collier","West",4
2022-06-19,"Kyree Boyer Sr.","Northeast",9
2022-06-19,"Icey Senger DDS","West",7
2022-06-19,"Raymon Denesik II","North Central",8
2022-06-19,"Delvin Cummings","North Central",7
2022-06-19,"Maury Gislason Sr.","Northeast",7
2022-06-19,"Korey Sipes","South",9
2022-06-19,"Miss Carmela Cartwright DVM","North Central",9
2022-06-22,"Justen Pfannerstill II","North Central",8
2022-06-22,"Bradford Hoeger","North Central",8
2022-06-22,"Louanna Effertz","West",8
2022-06-22,"Charles Schmidt","South",9
2022-06-22,"Brett McKenzie-Prosacco","Northeast",6
2022-06-22,"Tonja Lubowitz","North Central",8
2022-06-22,"Lee Larkin","West",7
2022-06-22,"Ransom Mayer","South",5
2022-06-22,"Mrs. Tennille Hyatt","South",8
2022-06-25,"Martez Morissette","Northeast",9
2022-06-25,"Finn Hegmann","South",9
2022-06-25,"Fernand Greenfelder Jr.","Northeast",4
2022-06-25,"Damarion Konopelski","West",8
2022-06-25,"Aubree Mertz","South",10
2022-06-25,"Marry Cruickshank","West",9
2022-06-25,"Jelani Haley","West",8
2022-06-25,"Kole Swaniawski","North Central",7
2022-06-25,"Joanne DuBuque","Northeast",9
2022-06-25,"Marlen Roob-Parker","South",7
2022-06-25,"Mr. Asa Kuhlman","North Central",5
2022-06-25,"Mr. Carl Kunde","South",6
2022-06-25,"Eldora Erdman","South",9
2022-06-25,"Marcello Gislason","North Central",10
2022-06-25,"Phillis Lubowitz","West",9
2022-06-25,"Mr. Jax Witting Sr.","West",5
2022-06-25,"Elbert Shields-Streich","Northeast",8
2022-06-25,"Colie Prohaska","Northeast",5
2022-06-25,"Channing Moore","South",8
2022-06-25,"Rilla Schmidt","West",9
2022-06-25,"Lura Bruen","South",9
2022-06-25,"Zebulon Wiza","South",9
2022-06-25,"Albertus Wintheiser DVM","South",9
2022-06-25,"Brennan Bergnaum-Schroeder","West",8
2022-06-25,"Mr. Norberto Hoeger DVM","South",8
2022-06-25,"Donte Stiedemann","North Central",5
2022-06-25,"Kylene Pouros-Cassin","South",7
2022-06-25,"Dr. Levern O'Hara DDS","South",6
2022-06-25,"Anthoney Leffler","South",10
2022-06-25,"Alverda Kerluke","South",10
2022-06-25,"Rashad Hilll DVM","West",8
2022-06-25,"Miss Joana Senger","North Central",8
2022-06-25,"Tiara Mitchell","North Central",8
2022-06-25,"Kennard O'Conner","South",9
2022-06-25,"Kathie Heathcote","North Central",9
2022-06-25,"Mr. Ida Kautzer","South",9
2022-06-25,"Nelia Murray","North Central",8
2022-06-25,"Mr. Torrance Marks V","West",8
2022-06-25,"Reanna Fritsch-Greenfelder","West",6
2022-06-25,"Jerri Strosin","North Central",6
2022-06-25,"Iola Gleichner","North Central",7
2022-06-25,"Mr. Arbie Friesen DVM","South",8
2022-06-29,"Bascom Veum","West",7
2022-06-29,"Jadyn Wehner","West",5
2022-06-29,"Celena Bailey","South",10
2022-06-29,"Colonel Sipes","South",10
2022-06-29,"Scot Nikolaus IV","South",9
2022-06-29,"Buna Gutkowski","North Central",3
2022-06-29,"Odie Muller DDS","South",3
2022-06-29,"Mendy Sauer","South",9
2022-06-29,"Dr. Reece Donnelly Sr.","South",9
2022-06-29,"Norval Lowe-Mills","North Central",7
2022-06-29,"Mr. Gifford VonRueden","South",8
2022-06-29,"Anne Pagac","North Central",7
2022-06-29,"Mrs. Trinidad Hartmann","South",9
2022-06-29,"Mr. Danial Renner","West",9
2022-06-29,"Diane Baumbach DDS","West",10
2022-07-03,"Georgianna Reichert","West",9
2022-07-03,"Cody Maggio","West",8
2022-07-03,"Frieda Larkin","North Central",7
2022-07-03,"Amalia Herman","North Central",9
2022-07-03,"Mrs. Kenna Stoltenberg DDS","West",9
2022-07-03,"Ashly Mitchell-DuBuque","South",7
2022-07-03,"Charle Koss","West",3
2022-07-03,"Ms. Ronda Green PhD","South",6
2022-07-03,"Leopoldo O'Keefe I","Northeast",6
2022-07-04,"Rhonda Hane","South",9
2022-07-04,"Ms. Brinda Purdy","North Central",7
2022-07-04,"Dr. Lilah Carroll DVM","West",9
2022-07-04,"Brenton Turner","North Central",8
2022-07-04,"Keenan Kohler","South",3
2022-07-04,"Glendon Goyette","North Central",9
2022-07-04,"Shona Jacobs","South",9
2022-07-04,"Mrs. Debra Barton","Northeast",6
2022-07-04,"Vennie Haag MD","West",8
2022-07-04,"Festus Jakubowski-Kuhic","North Central",9
2022-07-04,"Ramsey Gottlieb","North Central",8
2022-07-04,"Dr. Broderick Torphy","South",9
2022-07-04,"Elna Gottlieb","South",6
2022-07-04,"Dr. Simmie Oberbrunner V","South",4
2022-07-07,"Lou Schaefer","North Central",10
2022-07-07,"Chris Gerlach","Northeast",4
2022-07-07,"Granville Quigley","West",7
2022-07-07,"Mr. Niles Ward","North Central",9
2022-07-07,"Asa Hagenes","Northeast",9
2022-07-07,"Roxane Hodkiewicz","North Central",8
2022-07-07,"Maxwell Lockman","Northeast",7
2022-07-18,"Isidor Abbott","West",8
2022-07-18,"Mrs. Latonya D'Amore DDS","West",9
2022-07-18,"Hedwig Fay","South",7
2022-07-18,"Candy Bailey","West",9
2022-07-18,"Jaylyn Altenwerth","South",6
2022-07-18,"Terrie Wyman-Langworth","South",9
2022-07-18,"Estell Wiza","South",9
2022-07-22,"Mel Mills","West",8
2022-07-22,"Elissa Wehner DVM","South",8
2022-07-22,"Russel Schneider","Northeast",4
2022-07-22,"Riya Sipes","South",8
2022-07-22,"Etta Blanda","West",8
2022-07-22,"Mr. Benjamin Johnson III","West",8
2022-07-22,"Zachariah Weber","West",3
2022-07-22,"Serenity Lang","Northeast",9
2022-07-22,"Krystin Aufderhar","South",9
2022-07-22,"Mr. Gerardo Schuppe","North Central",6
2022-07-22,"Dewayne Ratke I","West",9
2022-07-22,"Algie Herman","South",9
2022-07-22,"Dr. Arnie Grady Sr.","North Central",9
2022-07-22,"Sherrill Johnson","West",8
2022-07-22,"Dr. Olympia Feest","West",7
2022-07-22,"Dr. Dorian Grady","South",5
2022-07-24,"Eugenie Medhurst PhD","Northeast",7
2022-07-24,"Dale Labadie-Eichmann","North Central",3
2022-07-24,"Ms. Stacey Purdy","South",8
2022-07-24,"Leola Heathcote","Northeast",9
2022-07-24,"Dr. Wayland Watsica","West",9
2022-07-24,"Jocelyn Sanford","South",7
2022-07-24,"Skye Swift","South",8
2022-07-25,"Jacque Barrows","Northeast",9
2022-07-25,"Ms. Britney Friesen","North Central",3
2022-07-25,"Cuba Gislason","Northeast",9
2022-07-25,"Emerson Sipes","North Central",9
2022-07-25,"Ms. Migdalia DuBuque","West",8
2022-07-25,"Cheryle Runolfsson","South",7
2022-07-25,"Amelie Abernathy","North Central",9
2022-07-25,"Carrol Maggio","North Central",7
2022-07-25,"Adah Dibbert","North Central",9
2022-07-25,"Rory Smith","Northeast",8
2022-07-25,"Laddie Walter","Northeast",4
2022-07-25,"Mckenzie Anderson","West",9
2022-07-26,"Thresa Beer","South",10
2022-07-26,"Miss Sylvia Howell","North Central",9
2022-07-26,"Dr. Mena Haley MD","South",6
2022-07-26,"Rustin Hand","North Central",9
2022-07-26,"Honora Simonis","South",9
2022-07-26,"Zelpha Walker","Northeast",10
2022-07-26,"Lanette Kuphal","North Central",7
2022-07-26,"Louie Cummerata","Northeast",9
2022-07-26,"Mrs. Arely Heidenreich","South",9
2022-07-26,"Seward Toy","North Central",7
2022-07-26,"Ms. Hollis Von","North Central",8
2022-07-26,"Josefita Wisozk","West",8
2022-07-26,"Terrence Gorczany","West",6
2022-07-26,"Terrance Moen-Grady","South",8
2022-08-11,"Mrs. Mabell Haley MD","Northeast",8
2022-08-11,"Marlin Goldner","South",8
2022-08-11,"Ms. Arletta Sanford MD","South",9
2022-08-11,"Miss Eulah Brakus DDS","South",6
2022-08-11,"Tawny Weimann","Northeast",7
2022-08-11,"Linden Ziemann-Hilpert","West",8
2022-08-11,"Toshiko Wuckert","South",6
2022-08-11,"Mrs. Sena Harber DVM","Northeast",8
2022-08-11,"Mrs. Docia Beatty DVM","Northeast",7
2022-08-11,"Frieda Lowe","South",9
2022-08-14,"Mrs. Gisele Kshlerin MD","West",7
2022-08-14,"Mrs. Loria Mann DDS","South",9
2022-08-14,"Betty Auer-Cartwright","South",8
2022-08-14,"Artelia Altenwerth","South",9
2022-08-14,"Launa Fahey","South",9
2022-08-14,"Shyheim Tremblay","West",6
2022-08-14,"Leyla Bayer","North Central",10
2022-08-19,"Kelley Crooks DDS","West",9
2022-08-19,"Miss Creola Reinger","Northeast",9
2022-08-19,"Kenna Murphy","North Central",9
2022-08-19,"Dayna Altenwerth","Northeast",5
2022-08-19,"Tayler Green","West",9
2022-08-19,"Caron Monahan","North Central",8
2022-08-19,"Ms. Arminta Witting DDS","South",9
2022-08-19,"Seldon Christiansen","South",8
2022-08-19,"Gail Graham","North Central",9
2022-08-19,"Daneen Jaskolski","North Central",8
2022-08-19,"Malorie Stracke-Stoltenberg","North Central",8
2022-08-19,"Bowman Walker","Northeast",6
2022-08-19,"Loula Rau","South",9
2022-08-20,"Dr. Anderson Terry","West",8
2022-08-20,"Dr. Thor Smitham DDS","South",7
2022-08-20,"Miss Adina Herzog PhD","Northeast",9
2022-08-20,"Ferman Howell","Northeast",7
2022-08-20,"Juliann Streich","West",9
2022-08-20,"Marquis Wolff II","Northeast",9
2022-08-20,"Renee Johnston","North Central",9
2022-08-20,"Mrs. Gwendolyn Swift","West",8
2022-08-20,"Gonzalo Kiehn","South",6
2022-08-20,"Norah Walter","West",4
2022-08-20,"Antonette Leffler","North Central",6
2022-08-26,"Gianna Hahn","North Central",9
2022-08-26,"Keshia Bartell","South",7
2022-08-26,"Dr. Jaylon Kunde Sr.","North Central",8
2022-08-26,"Mr. Chance Hansen","North Central",8
2022-08-26,"Jocelyne Fay","North Central",8
2022-08-26,"Dr. Ivan Abshire","Northeast",8
2022-08-26,"Zain Cummerata","Northeast",8
2022-08-26,"Zena Yundt","West",10
2022-08-26,"Mr. Arlyn Fadel","North Central",7
2022-08-26,"Ardeth Dicki","North Central",10
2022-08-26,"Mrs. Shanon Oberbrunner MD","South",8
2022-08-26,"Louis Mitchell","North Central",1
2022-08-26,"Jaxton Hammes-Leannon","West",7
2022-08-26,"Davey Gorczany DDS","North Central",8
2022-09-02,"Lue Hermann","North Central",8
2022-09-02,"Adah Flatley","West",8
2022-09-02,"Mike Altenwerth-Nitzsche","West",4
2022-09-02,"Shaquana Leffler","West",8
2022-09-02,"Golden Stark","North Central",4
2022-09-02,"Pearline Keeling","Northeast",7
2022-09-02,"Ronald Zemlak","South",3
2022-09-02,"Henery Walker","Northeast",9
2022-09-02,"Ceola Pacocha","North Central",9
2022-09-02,"Sariah Heller","South",8
2022-09-02,"Nery Hane","South",9
2022-09-03,"Mykel Turcotte IV","North Central",9
2022-09-03,"Lessie Hauck Sr.","Northeast",7
2022-09-03,"Dr. Erie Bogan","North Central",9
2022-09-03,"Angelo Lubowitz","South",9
2022-09-03,"Etter Langosh","Northeast",9
2022-09-03,"Joleen Jacobi DDS","South",9
2022-09-03,"Doyle Hintz-Schamberger","West",9
2022-09-03,"Miss Tawny Parker DDS","Northeast",6
2022-09-03,"Jame Schuppe-Mueller","North Central",9
2022-09-03,"Kenia Brekke DDS","West",9
2022-09-03,"Stuart McGlynn-Bailey","West",8
2022-09-03,"Ellen Waelchi","North Central",8
2022-09-04,"Lamarcus O'Hara Jr.","South",8
2022-09-04,"Mr. Halsey Reichert I","West",6
2022-09-04,"Gavin Jacobi","West",9
2022-09-04,"Dr. Arnie Roob IV","Northeast",8
2022-09-04,"Rodney Corkery","West",9
2022-09-04,"Peyton Donnelly","North Central",9
2022-09-04,"Mrs. Felicia Ebert DDS","South",5
2022-09-04,"Jean Considine","Northeast",6
2022-09-04,"Kimberly Hudson","North Central",9
2022-09-04,"Leticia Grimes","North Central",7
2022-09-04,"Scot Pouros","West",9
2022-09-04,"Leighton Jones","West",7
2022-09-09,"Don Wilkinson III","South",9
2022-09-09,"Mrs. Lexi Cruickshank MD","Northeast",7
2022-09-09,"Quincy Hayes Jr.","Northeast",9
2022-09-09,"Brain Ward","Northeast",8
2022-09-09,"Talmage Barton","West",10
2022-09-09,"Ms. Kelly Legros","North Central",8
2022-09-13,"Ms. Vivian Bradtke DVM","North Central",8
2022-09-13,"Shona Wisoky","South",7
2022-09-13,"Bobbye Gerhold","Northeast",6
2022-09-13,"Marely Lockman","Northeast",7
2022-09-13,"Miss Shaunna Jaskolski","North Central",9
2022-09-13,"Suzanna Herman","Northeast",6
2022-09-13,"Dr. Elton Stehr III","North Central",5
2022-09-13,"Aidyn Farrell I","West",6
2022-09-18,"Austyn Balistreri","North Central",10
2022-09-18,"Barnett Kuhn DVM","West",7
2022-09-18,"Wilford Ledner","South",9
2022-09-18,"Enoch Shields","South",10
2022-09-18,"Dr. Delma Schumm","South",8
2022-09-18,"Marybelle Zboncak DVM","South",9
2022-09-18,"Rebekah Wilderman","North Central",6
2022-09-18,"Charisse Considine","South",10
2022-09-18,"Shepherd Schmeler","Northeast",9
2022-09-18,"Ryder Robel-Hahn","West",9
2022-09-25,"Arlan Will","South",3
2022-09-25,"Rashad Volkman","South",9
2022-09-25,"Mr. Renard Rutherford","North Central",9
2022-09-25,"Mr. Doll Heaney","West",4
2022-09-25,"Marilyn Goyette","South",3
2022-09-25,"Destini Walter","West",6
2022-09-25,"Jaxson Reynolds","South",9
2022-09-25,"Pearline Bartoletti","South",10
2022-09-25,"Shalon Weimann","South",9
2022-09-25,"Consuela Kub","Northeast",7
2022-09-28,"Tracie Langosh","South",8
2022-09-28,"Inez Abernathy","South",8
2022-09-28,"Ms. Ashely Kemmer","South",7
2022-09-28,"Ms. Katelin Walsh MD","South",10
2022-09-28,"Dr. Jess Ullrich Sr.","Northeast",7
2022-09-28,"Dr. Jaydin Quitzon","South",8
2022-09-28,"Mr. Stone Reinger I","North Central",9
2022-09-29,"Ms. Carleen Feil","Northeast",9
2022-09-29,"Mr. Theophile Jerde II","South",10
2022-09-29,"Talmage Jones","North Central",9
2022-09-29,"Evonne Cassin DDS","North Central",9
2022-09-29,"Dr. Elam Torphy Sr.","South",9
2022-09-29,"Erasmo Dach DVM","South",10
2022-09-29,"Collis Jenkins V","West",10
2022-09-29,"Malinda Mante","South",4
2022-09-29,"Mr. Rickie Graham","West",9
2022-09-30,"Chace Kerluke","South",9
2022-09-30,"Mr. Lennon Johns","Northeast",8
2022-09-30,"Garland Williamson","West",7
2022-09-30,"Stetson Rempel","West",8
2022-09-30,"Emerson Pfeffer","West",10
2022-09-30,"Almira Leffler DDS","Northeast",8
2022-09-30,"Ricki Fadel","North Central",9
2022-09-30,"Christa Bernier-Bednar","North Central",9
2022-09-30,"Brayan Walker","South",9
2022-10-01,"Kanye Veum","West",10
2022-10-01,"Dr. Joell Bechtelar DDS","West",8
2022-10-01,"Loretto Veum","West",8
2022-10-01,"Taryn Bechtelar","South",4
2022-10-01,"Mal Gutkowski","Northeast",8
2022-10-01,"Ardell Howell","North Central",8
2022-10-01,"Mathias Langosh","Northeast",4
2022-10-01,"Kathyrn Heidenreich MD","West",10
2022-10-01,"Aarav Kulas","West",7
2022-10-09,"Concetta Koelpin","Northeast",9
2022-10-09,"Earline Sporer","South",6
2022-10-09,"Dr. Ashlea Kub","North Central",10
2022-10-09,"Ms. Delia Bruen DDS","South",10
2022-10-09,"Dr. Mikeal Green III","West",5
2022-10-09,"Kerry Smith","Northeast",10
2022-10-09,"Diamond Ratke DDS","South",10
2022-10-09,"Crysta Ledner-Jacobi","North Central",6
2022-10-09,"Octavio Labadie","West",9
2022-10-15,"Kanesha Sporer-Fay","West",9
2022-10-15,"Anissa Weissnat","South",10
2022-10-15,"Chiquita Conn","North Central",5
2022-10-15,"Tarik Turcotte III","Northeast",8
2022-10-15,"Mrs. Minda Zieme DVM","South",10
2022-10-15,"Reba Lang-Lebsack","South",8
2022-10-15,"Miss Ela Zemlak","South",9
2022-10-15,"Mickey Tillman PhD","Northeast",8
2022-10-15,"Dr. Ethelbert Hackett","North Central",6
2022-10-17,"Hermann Emmerich","South",8
2022-10-17,"Morton Weissnat","North Central",8
2022-10-17,"Price Hudson","West",5
2022-10-17,"Jayda Balistreri","Northeast",6
2022-10-17,"Mrs. Texanna Kshlerin DVM","West",3
2022-10-17,"Mr. Oran Funk DDS","Northeast",6
2022-10-17,"Simpson Aufderhar","West",9
2022-10-21,"Dusty Hodkiewicz","West",9
2022-10-21,"Kameron Sanford","North Central",8
2022-10-21,"Algernon Stokes","North Central",9
2022-10-21,"Dellar Lindgren","South",9
2022-10-21,"Gretchen Lynch","North Central",8
2022-10-21,"Jermain Parker","North Central",7
2022-10-21,"Aja Wilkinson","Northeast",7
2022-10-21,"Mr. Sol Altenwerth","West",9
2022-10-21,"Dr. Helmer Dickinson","Northeast",8
2022-10-21,"Ferman Skiles","Northeast",8
2022-10-21,"Colie Macejkovic","North Central",8
2022-10-25,"Dennie Schmitt-Glover","South",7
2022-10-25,"Thea Abshire","South",9
2022-10-25,"Dr. Kelan Runolfsdottir IV","West",7
2022-10-25,"Leona Quitzon MD","South",8
2022-10-25,"Biddie Eichmann","South",10
2022-10-25,"Graham Wiegand","South",10
2022-10-25,"Debbie Langworth","North Central",9
2022-10-25,"Krista Anderson","North Central",9
2022-10-25,"Ira Lakin","North Central",8
2022-10-25,"Florence Zulauf","South",9
2022-10-25,"Rick Berge","Northeast",9
2022-10-25,"Lynne Walsh","South",5
2022-10-27,"Osborn Rodriguez","West",8
2022-10-27,"Miss Charlotta Schmeler","North Central",9
2022-10-27,"Dr. Aurora Kuhic PhD","North Central",10
2022-10-27,"Rafe Hoppe","South",8
2022-10-27,"Rafaela Kozey","West",9
2022-10-27,"Mr. Lula Davis","West",9
2022-10-27,"Mira Von","South",9
2022-10-27,"Deloris Lakin","South",9
2022-10-27,"Mr. Adelard Fay Jr.","North Central",7
2022-10-27,"Elease Abernathy","South",8
2022-10-27,"Claudius Schuster-Greenholt","West",10
2022-10-28,"Mr. Elijah Hamill II","West",8
2022-10-28,"Demarco Fritsch PhD","West",8
2022-10-28,"Christopher Walter II","South",7
2022-10-28,"Orvil Altenwerth-Jast","Northeast",6
2022-10-28,"Sherilyn Ritchie","Northeast",7
2022-10-28,"Miss Clarinda Quigley","West",7
2022-10-28,"Roxanna Hamill","North Central",9
2022-10-28,"Yee Will III","Northeast",9
2022-10-31,"Mr. Leeroy Gerhold","West",9
2022-10-31,"Jedidiah Gleichner","West",9
2022-10-31,"Tyrik Connelly-Jacobs","South",8
2022-10-31,"Cortney Kris","Northeast",9
2022-10-31,"Aspen Rice","Northeast",8
2022-10-31,"Ason Kuhn","South",7
2022-10-31,"Dr. Brent Haag","South",9
2022-10-31,"Shreya Harber","North Central",9
2022-11-05,"Fate Corkery-Torphy","South",6
2022-11-05,"Sienna Nienow","West",9
2022-11-05,"Arturo Ruecker","West",6
2022-11-05,"Ms. Onnie Langworth DDS","Northeast",7
2022-11-05,"Alexa Connelly DVM","South",8
2022-11-05,"Mr. Tobin Terry I","Northeast",0
2022-11-05,"Dr. Lew Feest Jr.","North Central",9
2022-11-05,"Adalberto Ullrich","Northeast",9
2022-11-05,"Audley Robel","Northeast",9
2022-11-09,"Dr. Mathew Pagac Sr.","South",8
2022-11-09,"Zelda Swaniawski","North Central",8
2022-11-09,"Mickey Kohler","South",9
2022-11-09,"Jamarcus Huels","South",6
2022-11-09,"Mason Mann-Christiansen","Northeast",8
2022-11-09,"Libby Morissette-Rolfson","West",9
2022-11-09,"Manley DuBuque","North Central",4
2022-11-09,"Kristy Olson","North Central",8
2022-11-09,"Lavern Dicki MD","South",8
2022-11-09,"Britni Dickinson-Shanahan","North Central",7
2022-11-09,"Brenda Miller-McDermott","Northeast",8
2022-11-29,"Miss Yulisa Koss DDS","South",9
2022-11-29,"Dr. Darin Block PhD","North Central",5
2022-11-29,"Myer Auer","West",8
2022-11-29,"Armond Larson DVM","South",7
2022-11-29,"Georgeann Leannon","South",9
2022-11-29,"Mr. Delano Fadel Sr.","Northeast",10
2022-11-29,"Dr. Holly Dooley PhD","North Central",9
2022-11-29,"Hall Bashirian-Bergstrom","North Central",8
2022-11-29,"Turner O'Connell II","Northeast",0
2022-11-29,"Arnie Simonis-Marks","West",8
2022-11-29,"Lucindy Hahn","South",8
2022-11-29,"Lamonte Kunde","South",9
2022-11-29,"Elmira McCullough","Northeast",5
2022-11-29,"Carter Huel II","South",6
2022-11-29,"Jakayla Goyette","South",9
2022-11-29,"Lassie Marks","South",7
2022-11-29,"Latoria Strosin","North Central",6
2022-12-02,"Kaaren Lesch","North Central",9
2022-12-02,"Kelsey Jerde-Graham","Northeast",7
2022-12-02,"Mrs. Chessie Jerde","Northeast",10
2022-12-02,"Lindsey Kuhlman","North Central",8
2022-12-02,"Kaleb Kuphal-Parisian","South",6
2022-12-02,"Gustavo Donnelly","West",9
2022-12-02,"Trudi Bartell DDS","North Central",6
2022-12-02,"Sandi Runte","West",9
2022-12-06,"Shante Upton","Northeast",5
2022-12-06,"Joshua Purdy-Feest","West",9
2022-12-06,"Chanel Wiza-Cremin","Northeast",5
2022-12-06,"Ms. Henrietta Wyman PhD","North Central",9
2022-12-06,"Tyrese Mayert","South",8
2022-12-06,"Grisel Reichert","Northeast",1
2022-12-06,"Carie Little","North Central",9
2022-12-06,"Hilton Veum","Northeast",0
2022-12-06,"Enid Hills","South",7
2022-12-06,"Cass Anderson","Northeast",9
2022-12-06,"Annetta Cummings","West",8
2022-12-10,"Efrem Haag","Northeast",8
2022-12-10,"Abelardo Funk","West",5
2022-12-10,"Felton Krajcik II","Northeast",8
2022-12-10,"Sincere Mraz DVM","North Central",8
2022-12-10,"Meda Hodkiewicz","North Central",9
2022-12-10,"Daron Predovic","North Central",8
2022-12-10,"Norbert Little","West",7
2022-12-12,"Kris Haag","West",6
2022-12-12,"Adolphus Morar","North Central",5
2022-12-12,"Shaquita Huels","Northeast",8
2022-12-12,"Dominque Zboncak-Blanda","North Central",9
2022-12-12,"Edyth Ryan","West",7
2022-12-12,"Magnolia Pollich","Northeast",9
2022-12-14,"Wayde Jones Jr.","North Central",3
2022-12-14,"Mr. Earley Feil Jr.","West",7
2022-12-14,"Sadie Roberts","North Central",9
2022-12-14,"Emiliano Schroeder","North Central",10
2022-12-14,"Coretta Cartwright","South",9
2022-12-14,"Yazmin Williamson PhD","South",7
2022-12-14,"Aspen Brakus","Northeast",8
2022-12-14,"Dennis Haley","South",8
2022-12-14,"Ramon Shanahan","North Central",9
2022-12-14,"Tristen Hintz","South",8
2022-12-14,"Olof Torphy","South",5
2022-12-14,"Felipa Rath PhD","North Central",8
2022-12-14,"Killian Kling III","South",8
2022-12-14,"Mr. Robb Wilkinson I","West",8
2022-12-30,"Baron Gleichner","Northeast",8
2022-12-30,"Deane Rolfson-Rau","South",9
2022-12-30,"Jaquelin Lindgren","South",9
2022-12-30,"Emma Mayert","North Central",8
2022-12-30,"Mrs. Elva Considine","South",7
2022-12-30,"Siena Cole","West",6
2022-12-30,"Harlen Denesik","Northeast",7
2022-12-30,"Marlena Rolfson","Northeast",8
2022-12-30,"Amaya Bins","West",8
2022-12-30,"Merton Gislason","North Central",7
2022-12-30,"Harry Hickle","North Central",5
